{"cameraMode":{"drawMode":0,"name":"Shaded","section":"Shading Mode"},"sceneLighting":true,"audioPlay":false,"sceneViewState":{"showFog":true,"showMaterialUpdate":false,"showSkybox":true,"showFlares":true,"showImageEffects":true,"showParticleSystems":true,"showVisualEffectGraphs":true,"m_FxEnabled":true},"in2DMode":false,"pivot":{"x":-12.832001686096192,"y":18.606571197509767,"z":-43.386070251464847},"rotation":{"x":0.07802815735340119,"y":0.9139185547828674,"z":-0.21216674149036408,"w":0.33750084042549136},"size":40.78741455078125,"orthographic":false}